run_id,question_id,domain,tier,natural_language_question,expected_answer,actual_answer,exact_match_result,exact_match_detail,expected_answer_off_contract,null_handling,null_handling_detail,platform_generated_sql,judge_factual,judge_completeness,judge_format,judge_sql,judge_overall,judge_rationale,judge_error,platform_error,rephrase_group_id
20260921T104817Z,CRM-T1-01-01,crm,T1,What is the total budget of awareness campaigns?,26677920.26,26677920.26,pass,1 requirement(s) satisfied,False,not_applicable,not a T3 / outer-join pair,"SELECT ROUND(SUM(budget_amount), 2) AS total_budget
FROM campaigns
WHERE campaign_type = 'Awareness';",5,1,5,5,4.0,[factual_correctness] Mock numeric comparison matched 1 of 1 expected numeric values. [completeness] Mock reference token coverage was 0.00. [format_adherence] Mock format heuristic checked presence and excessive length. [sql_plausibility] Platform-generated SQL was present and structurally plausible.,,,
20260921T104817Z,CRM-T1-01-02,crm,T1,What is the total budget of customer education campaigns?,19728091.35,19728091.35,pass,1 requirement(s) satisfied,False,not_applicable,not a T3 / outer-join pair,"SELECT ROUND(SUM(budget_amount), 2) AS total_budget
FROM campaigns
WHERE campaign_type = 'CustomerEducation';",5,1,5,5,4.0,[factual_correctness] Mock numeric comparison matched 1 of 1 expected numeric values. [completeness] Mock reference token coverage was 0.00. [format_adherence] Mock format heuristic checked presence and excessive length. [sql_plausibility] Platform-generated SQL was present and structurally plausible.,,,
20260921T104817Z,CRM-T1-01-03,crm,T1,What is the total budget of nurture campaigns?,23184584.00,23184584.0,pass,1 requirement(s) satisfied,False,not_applicable,not a T3 / outer-join pair,"SELECT ROUND(SUM(budget_amount), 2) AS total_budget
FROM campaigns
WHERE campaign_type = 'Nurture';",1,1,5,5,3.0,[factual_correctness] Mock numeric comparison matched 1 of 1 expected numeric values. [completeness] Mock reference token coverage was 0.00. [format_adherence] Mock format heuristic checked presence and excessive length. [sql_plausibility] Platform-generated SQL was present and structurally plausible.,,,
