rephrase_group_id,base_family_id,base_parameter,variant_class,variant_count,expected_numeric_identity
PM-RG-01,T1-01,project_status=Active,Lexical,2,"all variants share the base pair's reference_sql, expected_answer and result_hash"
PM-RG-02,T1-06,task_type=Bug,Lexical,2,"all variants share the base pair's reference_sql, expected_answer and result_hash"
PM-RG-03,T2-01,project_status=Active,Rephrase,2,"all variants share the base pair's reference_sql, expected_answer and result_hash"
PM-RG-04,T2-04,resource_role=Analyst,Lexical,2,"all variants share the base pair's reference_sql, expected_answer and result_hash"
PM-RG-05,T3-01,project_status=Active,Rephrase,2,"all variants share the base pair's reference_sql, expected_answer and result_hash"
PM-RG-06,T3-03,project_status=Active,Temporal,3,"all variants share the base pair's reference_sql, expected_answer and result_hash"
PM-RG-07,T4-01,task_status=Blocked,Rephrase,2,"all variants share the base pair's reference_sql, expected_answer and result_hash"
PM-RG-08,T4-04,department=Delivery,Lexical,2,"all variants share the base pair's reference_sql, expected_answer and result_hash"
PM-RG-09,T5-01,project_status=Active,Lexical,3,"all variants share the base pair's reference_sql, expected_answer and result_hash"
PM-RG-10,T5-02,resource_role=Analyst,Temporal,2,"all variants share the base pair's reference_sql, expected_answer and result_hash"
PM-RG-11,T1-07,department=Delivery,Rephrase,2,"all variants share the base pair's reference_sql, expected_answer and result_hash"
PM-RG-12,T2-08,project_priority=Critical,Lexical,2,"all variants share the base pair's reference_sql, expected_answer and result_hash"
PM-RG-13,T3-07,project_priority=Critical,Rephrase,2,"all variants share the base pair's reference_sql, expected_answer and result_hash"
PM-RG-14,T4-05,project_status=Active,Rephrase,3,"all variants share the base pair's reference_sql, expected_answer and result_hash"
PM-RG-15,T5-03,,Lexical,2,"all variants share the base pair's reference_sql, expected_answer and result_hash"
PM-RG-16,T5-05,department=Delivery,Temporal,2,"all variants share the base pair's reference_sql, expected_answer and result_hash"
